{"model":{"version":2,"nodes":[{"name":"RootNode","position":[0,0,0],"rotation":[0,0,0],"scale":[1,1,1],"scaleCompensation":false},{"name":"3_yzl_05","position":[4.59872,1.71148,-3.65585e-05],"rotation":[-90,-0,0],"scale":[0.02,0.02,0.02],"scaleCompensation":false}],"parents":[-1,0],"skins":[],"morphs":[],"vertices":[{"position":{"type":"float32","components":3,"data":[-3.77264,-59.9431,1.31658,-3.07291,-62.8959,1.48796,-3.79608,-62.0437,-1.21002,-4.30424,-58.9627,-1.31459,-4.50159,-57.0829,1.13688,-4.31693,-56.0816,-1.43703,-2.93573,-61.6494,5.89624,-3.1528,-60.9234,3.94776,-5.25943,-58.8036,5.55975,-4.75302,-58.0843,3.71078,-1.5697,-64.686,6.20822,-2.23666,-63.8506,4.19208,-4.04672,-57.9824,-3.94577,-3.81482,-61.212,-3.91,-3.52013,-60.4851,-6.61407,-3.4044,-57.0021,-6.57694,-2.70105,-63.3204,2.69044,-3.99486,-55.0802,-4.01093,-3.46611,-54.0789,-6.58482,2.3656,-64.5806,5.7907,3.7226,-64.2127,4.67526,0.804626,-64.0354,4.43867,5.37057,-63.199,1.60163,5.29465,-63.1529,1.46192,1.86343,-63.0475,1.4726,2.44153,-62.6664,-0.0133743,2.30957,-62.6233,-0.143997,-3.79608,-62.0437,-1.21002,1.07193,-61.835,-2.53394,-3.81482,-61.212,-3.91,-3.52013,-60.4851,-6.61407,-2.21436,-60.4993,-6.5837,-0.347351,-61.0182,-5.01055,-1.08441,-60.6132,-6.23852,-3.07291,-62.8959,1.48796,-2.23666,-63.8506,4.19208,1.36195,-63.5154,2.87743,-2.70105,-63.3204,2.69044,-0.0219116,-64.731,6.24672,-0.206329,-64.7524,6.3117,5.1067,-63.7341,3.22418,5.18588,-63.6799,3.05951,2.27341,-64.6056,5.86651,-5.37057,-58.9615,5.96559,-2.8905,-61.8006,6.30208,-1.43546,-64.8542,6.61406,-1.5697,-64.686,6.20822,-1.43546,-64.8542,6.61406,-0.595505,-64.8252,6.53229,-1.23085,-60.5782,-6.34457,-3.77264,59.9431,1.31658,-3.79608,62.0437,-1.21002,-3.07291,62.8959,1.48796,-4.30424,58.9627,-1.31459,-4.50159,57.0829,1.13688,-4.31693,56.0816,-1.43703,-2.93573,61.6494,5.89624,-5.25943,58.8036,5.55975,-3.1528,60.9234,3.94776,-4.75302,58.0843,3.71078,-1.5697,64.686,6.20822,-2.23666,63.8506,4.19208,-4.04672,57.9824,-3.94577,-3.52013,60.4851,-6.61407,-3.81482,61.212,-3.91,-3.4044,57.0021,-6.57694,-2.70105,63.3204,2.69044,-3.99486,55.0802,-4.01093,-3.46611,54.0789,-6.58482,2.3656,64.5806,5.7907,0.804626,64.0354,4.43867,3.7226,64.2127,4.67526,5.37057,63.199,1.60163,1.86343,63.0475,1.4726,5.29465,63.1529,1.46192,2.30957,62.6233,-0.143997,2.44153,62.6664,-0.0133743,-3.79608,62.0437,-1.21002,1.07193,61.835,-2.53394,-3.81482,61.212,-3.91,-3.52013,60.4851,-6.61407,-2.21436,60.4993,-6.5837,-0.347351,61.0182,-5.01055,-1.08441,60.6132,-6.23852,-3.07291,62.8959,1.48796,-2.70105,63.3204,2.69044,1.36195,63.5154,2.87743,-2.23666,63.8506,4.19208,-0.206329,64.7524,6.3117,-0.0219116,64.731,6.24672,5.18588,63.6799,3.05951,5.1067,63.7341,3.22418,2.27341,64.6056,5.86651,-5.37057,58.9615,5.96559,-2.8905,61.8006,6.30208,-1.43546,64.8542,6.61406,-1.5697,64.686,6.20822,-0.595505,64.8252,6.53229,-1.43546,64.8542,6.61406,-1.23085,60.5782,-6.34457]},"normal":{"type":"float32","components":3,"data":[0.966146,0.251243,-0.0586437,0.958674,0.203275,-0.199057,0.984649,0.160955,-0.0675326,0.993704,0.111511,0.0108392,0.974262,0.224605,0.0191401,0.997008,0.0450997,0.0627851,0.853955,0.506432,0.119534,0.913199,0.405406,0.0414004,0.74977,0.596761,0.285871,0.872226,0.461768,0.161218,0.917027,0.39599,-0.0474741,0.938408,0.326768,-0.112307,0.988709,0.0278973,0.147227,0.989419,0.0767025,0.123157,0.983843,0.016992,0.178227,0.97884,0.00932877,0.204416,0.949614,0.254161,-0.183397,0.983762,0.00156817,0.179471,0.975242,0.00441969,0.221098,0.0203389,0.935524,0.352679,0.0276678,0.942103,0.334182,0.0249164,0.938492,0.344401,0.0284547,0.949891,0.311283,0.0302799,0.956318,0.290756,0.0316042,0.95427,0.297271,0.0421616,0.963713,0.263589,0.0414614,0.95899,0.280392,0.0381754,0.956497,0.289233,0.0391796,0.955054,0.293832,0.0318463,0.957704,0.285986,0.00446323,0.965585,0.260051,0.0114155,0.964287,0.264611,0.0393072,0.955561,0.292161,0.0272845,0.959761,0.279488,0.0340515,0.953517,0.29941,0.0277347,0.939085,0.342565,0.0287804,0.945086,0.325552,0.0303969,0.945215,0.325031,0.0214774,0.929851,0.36731,0.022288,0.928106,0.37165,0.0258955,0.945071,0.325838,0.0263872,0.946459,0.321744,0.0103443,0.932256,0.361653,0.710833,0.636178,0.299991,0.856974,0.507984,0.0868758,0.908198,0.416923,-0.0367652,0.0133644,0.926354,0.376416,0.00524022,0.924429,0.381319,0.0148482,0.926697,0.375517,0.0154535,0.963503,0.267252,0.966146,-0.251243,-0.0586437,0.984649,-0.160955,-0.0675326,0.958674,-0.203275,-0.199057,0.993704,-0.111511,0.0108392,0.974262,-0.224605,0.0191401,0.997008,-0.0450998,0.0627851,0.853955,-0.506432,0.119534,0.74977,-0.596761,0.285871,0.913199,-0.405406,0.0414004,0.872226,-0.461768,0.161218,0.917027,-0.39599,-0.0474741,0.938408,-0.326768,-0.112307,0.988709,-0.0278973,0.147227,0.983843,-0.016992,0.178227,0.989419,-0.0767025,0.123157,0.97884,-0.00932877,0.204416,0.949614,-0.254161,-0.183397,0.983762,-0.00156817,0.179471,0.975242,-0.00441969,0.221098,0.0203389,-0.935524,0.352679,0.0249164,-0.938492,0.344401,0.0276678,-0.942103,0.334182,0.0284547,-0.949891,0.311283,0.0316042,-0.95427,0.297271,0.0302799,-0.956318,0.290756,0.0414614,-0.95899,0.280392,0.0421616,-0.963713,0.263589,0.0381754,-0.956497,0.289232,0.0391796,-0.955054,0.293832,0.0318463,-0.957704,0.285986,0.00446323,-0.965585,0.260051,0.0114155,-0.964287,0.264611,0.0393072,-0.955561,0.292161,0.0272845,-0.959761,0.279488,0.0340515,-0.953517,0.29941,0.0303969,-0.945215,0.325031,0.0287804,-0.945086,0.325552,0.0277347,-0.939085,0.342565,0.022288,-0.928106,0.37165,0.0214774,-0.929851,0.36731,0.0263872,-0.946459,0.321744,0.0258955,-0.945071,0.325839,0.0103443,-0.932256,0.361653,0.710833,-0.636178,0.299991,0.856974,-0.507984,0.0868758,0.908198,-0.416923,-0.0367652,0.0133644,-0.926354,0.376416,0.0148482,-0.926697,0.375517,0.00524022,-0.924429,0.381319,0.0154535,-0.963503,0.267252]},"texCoord0":{"type":"float32","components":2,"data":[0.457949,0.144174,0.46046,0.141016,0.462217,0.144392,0.459684,0.147542,0.455557,0.147296,0.457365,0.150544,0.455026,0.138226,0.456296,0.140704,0.451901,0.142059,0.453616,0.14416,0.457688,0.134613,0.458831,0.137426,0.461609,0.150752,0.464287,0.147398,0.466583,0.150253,0.463656,0.153985,0.459727,0.139425,0.459251,0.153806,0.461191,0.157037,0.462098,0.131717,0.464492,0.131762,0.461737,0.134532,0.46895,0.133668,0.468998,0.133883,0.465513,0.136821,0.467433,0.137916,0.467422,0.138174,0.462217,0.144392,0.468295,0.141884,0.464287,0.147398,0.466583,0.150253,0.468025,0.149207,0.468827,0.145906,0.468998,0.147924,0.46046,0.141016,0.458831,0.137426,0.463722,0.135736,0.459727,0.139425,0.459242,0.133255,0.458994,0.133341,0.467219,0.132145,0.467448,0.132255,0.461935,0.131713,0.451519,0.141601,0.454765,0.137709,0.457464,0.134046,0.457688,0.134613,0.457464,0.134046,0.458398,0.133432,0.468921,0.148162,0.656145,0.724786,0.660412,0.724567,0.658656,0.727943,0.657879,0.721417,0.653753,0.721663,0.655561,0.718415,0.653221,0.730734,0.650097,0.7269,0.654492,0.728255,0.651812,0.7248,0.655883,0.734346,0.657026,0.731533,0.659804,0.718207,0.664779,0.718706,0.662483,0.721561,0.661851,0.714974,0.657923,0.729534,0.657447,0.715153,0.659386,0.711922,0.660293,0.737243,0.659932,0.734427,0.662687,0.737197,0.667146,0.735291,0.663708,0.732138,0.667194,0.735076,0.665617,0.730785,0.665628,0.731043,0.660412,0.724567,0.666491,0.727076,0.662483,0.721561,0.664779,0.718706,0.666221,0.719752,0.667022,0.723054,0.667194,0.721035,0.658656,0.727943,0.657923,0.729534,0.661917,0.733224,0.657026,0.731533,0.65719,0.735618,0.657438,0.735704,0.665644,0.736704,0.665414,0.736814,0.660131,0.737246,0.649714,0.727358,0.652961,0.731251,0.655659,0.734913,0.655883,0.734346,0.656594,0.735528,0.655659,0.734913,0.667117,0.720797]},"texCoord1":{"type":"float32","components":2,