{"model":{"version":2,"nodes":[{"name":"RootNode","position":[0,0,0],"rotation":[0,0,0],"scale":[1,1,1],"scaleCompensation":false},{"name":"Shape002","position":[-4.57576,2.10767,8.56566e-07],"rotation":[-90,-0,0],"scale":[0.0254,0.0254,0.0254],"scaleCompensation":false}],"parents":[-1,0],"skins":[],"morphs":[],"vertices":[{"position":{"type":"float32","components":3,"data":[-23.686,-50.4617,-4.77885,-24.8118,-48.3712,-4.70095,-25.2838,-48.506,-5.06926,-23.3952,-50.1807,-4.38328,-23.3952,-50.1807,-4.38328,-24.4548,-48.1829,-5.09726,-24.8118,-48.3712,-4.70095,-23.042,-49.987,-4.78048,-24.4548,-48.1829,-5.09726,-23.042,-49.987,-4.78048,-23.3328,-50.268,-5.17605,-24.8189,-48.2711,-5.53257,-24.8189,-48.2711,-5.53257,-23.3328,-50.268,-5.17605,-23.686,-50.4617,-4.77885,-25.2838,-48.506,-5.06926,-19.7467,-54.9736,-3.57719,-20.0244,-55.272,-3.9698,-19.7467,-54.9736,-3.57719,-19.4031,-54.7673,-3.97655,-19.4031,-54.7673,-3.97655,-19.6808,-55.0657,-4.36916,-20.0244,-55.272,-3.9698,-19.6808,-55.0657,-4.36916,-14.0605,-61.5045,-2.26588,-14.3171,-61.827,-2.65368,-14.0605,-61.5045,-2.26588,-13.7311,-61.2818,-2.6685,-13.7311,-61.2818,-2.6685,-13.9877,-61.6044,-3.05629,-14.3171,-61.827,-2.65368,-13.9877,-61.6044,-3.05629,-10.9151,-64.6322,-1.56204,-11.1474,-64.9788,-1.9444,-10.9151,-64.6322,-1.56204,-10.6036,-64.3917,-1.96867,-10.6036,-64.3917,-1.96867,-10.836,-64.7384,-2.35103,-11.1474,-64.9788,-1.9444,-10.836,-64.7384,-2.35103,-7.76875,-67.2908,-0.858017,-7.97993,-67.6553,-1.23566,-7.76875,-67.2908,-0.858017,-7.4738,-67.0364,-1.26832,-7.4738,-67.0364,-1.26832,-7.68498,-67.4009,-1.64597,-7.97993,-67.6553,-1.23566,-7.68498,-67.4009,-1.64597,-4.51953,-69.7892,-0.1614,-4.70078,-70.1768,-0.532578,-4.51953,-69.7892,-0.1614,-4.24756,-69.5172,-0.57666,-4.24756,-69.5172,-0.57666,-4.4288,-69.9047,-0.947838,-4.70078,-70.1768,-0.532578,-4.4288,-69.9047,-0.947838,-0.982513,-71.8565,0.595764,-1.11885,-72.2703,0.234177,-0.982513,-71.8565,0.595764,-0.743088,-71.5654,0.173553,-0.743088,-71.5654,0.173553,-0.879425,-71.9792,-0.188034,-1.11885,-72.2703,0.234177,-0.879425,-71.9792,-0.188034,2.66891,-73.4955,1.36385,2.571,-73.9266,1.01035,2.66891,-73.4955,1.36385,2.88029,-73.1919,0.935738,2.88029,-73.1919,0.935738,2.78238,-73.6229,0.582237,2.571,-73.9266,1.01035,2.78238,-73.6229,0.582237,6.61456,-74.8846,2.19383,6.54948,-75.3272,1.84715,6.61456,-74.8846,2.19383,6.79607,-74.5704,1.7595,6.79607,-74.5704,1.7595,6.73099,-75.0129,1.41281,6.54948,-75.3272,1.84715,6.73099,-75.0129,1.41281,10.464,-75.866,2.91649,10.4293,-76.3164,2.57557,10.464,-75.866,2.91649,10.617,-75.5446,2.47675,10.617,-75.5446,2.47675,10.5823,-75.9949,2.13583,10.4293,-76.3164,2.57557,10.5823,-75.9949,2.13583,14.3106,-76.5735,3.63863,14.3066,-77.0295,3.30347,14.3106,-76.5735,3.63863,14.4404,-76.2478,3.19455,14.4404,-76.2478,3.19455,14.4364,-76.7037,2.85939,14.3066,-77.0295,3.30347,14.4364,-76.7037,2.85939,24.3863,-78.1082,5.13339,24.6276,-77.6885,5.44779,24.4913,-77.3234,5.0192,24.6276,-77.6885,5.44779,24.2012,-77.7811,4.68697,24.4913,-77.3234,5.0192,24.2012,-77.7811,4.68697,24.3863,-78.1082,5.13339,-25.2838,-48.506,-5.06926,-24.4548,-48.1829,-5.09726,-24.8189,-48.2711,-5.53257,-24.8118,-48.3712,-4.70095,24.2012,-77.7811,4.68697,24.6276,-77.6885,5.44779,24.3863,-78.1082,5.13339,24.4913,-77.3234,5.0192,14.3025,76.6312,3.64259,24.3922,78.1136,5.07629,14.317,77.0349,3.24632,24.6276,77.7085,5.44778,14.3025,76.6312,3.64259,24.5332,77.3179,5.07629,24.6276,77.7085,5.44778,14.43,76.2423,3.25169,24.2012,77.7231,4.68247,14.43,76.2423,3.25169,14.4446,76.646,2.85543,24.5332,77.3179,5.07629,14.317,77.0349,3.24632,24.3922,78.1136,5.07629,24.2012,77.7231,4.68247,14.4446,76.646,2.85543,10.4389,76.3216,2.51829,10.451,75.9228,2.91953,10.6074,75.5393,2.53403,10.451,75.9228,2.91953,10.5953,75.9381,2.1328,10.6074,75.5393,2.53403,10.5953,75.9381,2.1328,10.4389,76.3216,2.51829,6.55927,75.3325,1.78989,6.59724,74.9403,2.19605,6.78629,74.565,1.81675,6.59724,74.9403,2.19605,6.74831,74.9572,1.41059,6.78629,74.565,1.81675,6.74831,74.9572,1.41059,6.55927,75.3325,1.78989,2.58089,73.9319,0.953133,2.64702,73.5496,1.36513,2.87041,73.1865,0.992958,2.64702,73.5496,1.36513,2.80428,73.5688,0.580963,2.87041,73.1865,0.992958,2.80428,73.5688,0.580963,2.58089,73.9319,0.953133,-1.10936,72.2754,0.176865,-1.00929,71.9084,0.596008,-0.752579,71.5602,0.230865,-1.00929,71.9084,0.596008,-0.852646,71.9273,-0.188278,-0.752579,71.5602,0.230865,-0.852646,71.9273,-0.188278,-1.10936,72.2754,0.176865,-4.69177,70.1817,-0.589996,-4.552,69.8378,-0.162369,-4.25656,69.5123,-0.519241,-4.552,69.8378,-0.162369,-4.39633,69.8562,-0.946869,-4.25656,69.5123,-0.519241,-4.39633,69.8562,-0.946869,-4.69177,70.1817,-0.589996,-7.97116,67.66,-1.29313,-7.8051,67.3364,-0.859833,-7.48257,67.0317,-1.21085,-7.8051,67.3364,-0.859833,-7.64864,67.3553,-1.64415,-7.48257,67.0317,-1.21085,-7.64864,67.3553,-1.64415,-7.97116,67.66,-1.29313,-11.1388,64.9834,-2.00189,-10.9542,64.6754,-1.56447,-10.6122,64.3871,-1.91118,-10.9542,64.6754,-1.56447,-10.7968,64.6951,-2.3486,-10.6122,64.3871,-1.91118,-10.7968,64.6951,-2.3486,-11.1388,64.9834,-2.00189,-14.3087,61.8314,-2.71123,-14.1027,61.5447,-2.269,-13.7395,61.2775,-2.61095,-14.1027,61.5447,-2.269,-13.9455,61.5642,-3.05317,-13.7395,61.2775,-2.61095,-13.9455,61.5642,-3.05317,-14.3087,61.8314,-2.71123,-20.0163,55.276,-4.02741,-19.7915,55.0108,-3.5809,-19.4112,54.7633,-3.91894,-19.7915,55.0108,-3.5809,-19.636,55.0285,-4.36545,-19.4112,54.7633,-3.91894,-19.636,55.0285,-4.36545,-20.0163,55.276,-4.02741,-23.6781,50.4655,-4.83649,-23.4417,50.2157,-4.38737,-23.0499,49.9832,-4.72283,-23.4417,50.2157,-4.38737,-23.2863,50.233,-5.17196,-23.0499,49.9832,-4.72283,-23.2863,50.233,-5.17196,-23.6781,50.4655,-4.83649,-25.1465,48.4799,-5.2273,-24.7856,48.3399,-4.70656,-24.3897,48.1133,-5.04102,-24.7856,48.3399,-4.70656,-24.7505,48.2534,-5.56177,-24.3897,48.1133,-5.04102,-24.7505,48.2534,-5.56177,-25.1465,48.4799,-5.2273,24.2012,77.7231,4.68247,24.6276,77.7085,5.44778,24.5332,77.3179,5.07629,24.3922,78.1136,5.07629,-24.7505,48.2534,-5.56177,-24.3897,48.1133,-5.04102,-25.1465,48.4799,-5.2273,-24.7856,48.3399,-4.70656]},"normal":{"type":"float32","components":3,